candidate_id,rank,score,reasoning
CAND_0053605,1,0.9275921102540375,"Senior Software Engineer (ML), 6.9 YOE, Noida, Uttar Pradesh; shipped production ranking system(s). active within 7 days; open to work; RRR 88%; notice 30d; onsite; 12 applications/30d, saved by 26 recruiter(s). top skills: CNN, pgvector, ASR; Redrob assessment avg 64%; interview completion 97%; profile 87% complete; 93 connections; 33 profile views/30d. Senior Software Engineer (ML) (6.9 YOE) meets JD's shipping + product-co standard."
CAND_0033179,2,0.9154382223183004,"AI Research Engineer, 6.9 YOE, Ahmedabad, Gujarat; shipped production ranking system(s). active within 7 days; open to work; RRR 84%; notice 30d; hybrid; 2 applications/30d, saved by 33 recruiter(s). top skills: Speech Recognition, scikit-learn, YOLO; Redrob assessment avg 72%; interview completion 66%; profile 92% complete; 1243 connections; 123 profile views/30d. AI Research Engineer (6.9 YOE) meets JD's shipping + product-co standard."
CAND_0061257,3,0.907282092450358,"Staff Machine Learning Engineer | 8.0 YOE | Noida, Uttar Pradesh | Product-co | shipped production ranking system(s) | active 41d ago; open to work; RRR 87%; notice 30d; hybrid; 24 applications/30d, saved by 80 recruiter(s) | JD match: shipped, product-co, 8.0 YOE, India-based, low notice | top skills: Search Infrastructure, Model Adaptation, Python; Redrob assessment avg 70%; moderate GitHub activity (45/100); interview completion 80%; profile 93% complete; 1513 connections; 236 profile views/30d"
CAND_0070525,4,0.9039259114532507,"Senior Software Engineer (ML) | 5.4 YOE | Hyderabad, Telangana | Product-co | shipped production ranking system(s) | active within 7 days; open to work; RRR 93%; notice 45d; hybrid; 16 applications/30d, saved by 32 recruiter(s) | JD match: shipped, product-co, 5.4 YOE, India-based | top skills: Recommendation Systems, Feature Engineering, Statistical Modeling; Redrob assessment avg 63%; interview completion 89%; profile 95% complete; 897 connections; 97 profile views/30d"
CAND_0025640,5,0.888181535609865,"AI Research Engineer, 5.6 YOE, Jaipur, Rajasthan; shipped production ranking system(s). active ~3w ago; open to work; RRR 87%; notice 30d; flexible; 11 applications/30d, saved by 39 recruiter(s). top skills: FAISS, Elasticsearch, Recommendation Systems; Redrob assessment avg 64%; interview completion 98%; profile 46% complete; 1157 connections; 108 profile views/30d. AI Research Engineer (5.6 YOE) meets JD's shipping + product-co standard."
CAND_0043860,6,0.8868780039899439,"active within 7 days; open to work; RRR 81%; notice 30d; hybrid; 3 applications/30d, saved by 33 recruiter(s). Junior ML Engineer (6.1 YOE, Bhubaneswar, Odisha); shipped production ranking system(s). top skills: OpenCV, GANs, Semantic Search; Redrob assessment avg 71%; interview completion 94%; profile 94% complete; 1177 connections; 140 profile views/30d. active, open Junior ML Engineer (6.1 YOE) with shipped systems — strong Redrob fit."
CAND_0096142,7,0.8767474245933953,"Applied ML Engineer, 5.0 YOE, Hyderabad, Telangana; shipped production ranking system(s). active within 7 days; open to work; RRR 84%; notice 120d; hybrid; 14 applications/30d, saved by 18 recruiter(s). top skills: Python, BM25, Weaviate; Redrob assessment avg 86%; GitHub activity 80/100; interview completion 55%; profile 67% complete; 1468 connections; 159 profile views/30d. Applied ML Engineer (5.0 YOE) meets JD's shipping + product-co standard. Note: 120-day notice period (4 months)."
CAND_0046132,8,0.8752124387975019,"AI Research Engineer | 4.3 YOE | Noida, Uttar Pradesh | Product-co | shipped production ranking system(s) | active within 7 days; open to work; RRR 94%; notice 30d; flexible; 8 applications/30d, saved by 30 recruiter(s) | JD match: shipped, product-co, 4.3 YOE, India-based, low notice | top skills: OpenCV, GANs, Data Science; Redrob assessment avg 48%; interview completion 74%; profile 95% complete; 366 connections; 165 profile views/30d"
CAND_0090300,9,0.8649419862409121,"active within 7 days; open to work; RRR 94%; notice 120d; flexible; 9 applications/30d, saved by 26 recruiter(s). AI Research Engineer (5.3 YOE, San Francisco); shipped production ranking system(s). top skills: BentoML, CI/CD, ASR; Redrob assessment avg 63%; interview completion 72%; profile 99% complete; 1266 connections; 23 profile views/30d. active, open AI Research Engineer (5.3 YOE) with shipped systems — strong Redrob fit. Note: 120-day notice period (4 months)."
CAND_0067535,10,0.8591129816130374,"Junior ML Engineer, 6.8 YOE, Jaipur, Rajasthan; shipped production ranking system(s). active within 7 days; open to work; RRR 81%; notice 45d; flexible; 7 applications/30d, saved by 27 recruiter(s). top skills: Speech Recognition, Reinforcement Learning, Excel; Redrob assessment avg 72%; interview completion 87%; profile 95% complete; 1129 connections; 68 profile views/30d. Junior ML Engineer (6.8 YOE) meets JD's shipping + product-co standard."
CAND_0083852,11,0.8587017326810683,"Data Scientist, 6.0 YOE, Ahmedabad, Gujarat; shipped production ranking system(s). active within 7 days; open to work; RRR 85%; notice 90d; onsite; 10 applications/30d, saved by 24 recruiter(s). top skills: Kubeflow, PyTorch, TTS; Redrob assessment avg 69%; GitHub activity 71/100; interview completion 74%; profile 91% complete; 363 connections; 219 profile views/30d. Data Scientist (6.0 YOE) meets JD's shipping + product-co standard."
CAND_0077956,12,0.8509741148219123,"Computer Vision Engineer, 6.4 YOE based in Chandigarh, Chandigarh; shipped production ranking system(s). Computer Vision Engineer (Chandigarh): shipped + product-co + 6.4 YOE — strong JD fit. top skills: Weaviate, Weights & Biases, CNN; Redrob assessment avg 52%; moderate GitHub activity (41/100); interview completion 100%; profile 92% complete; 743 connections; 139 profile views/30d. active within 7 days; open to work; RRR 88%; notice 120d; hybrid; 9 applications/30d, saved by 19 recruiter(s). Concern: 120-day notice period (4 months)."
CAND_0010149,13,0.8487725144297258,"ML Engineer | 6.9 YOE | Bangalore, Karnataka | Product-co | shipped production ranking system(s) | active within 7 days; open to work; RRR 82%; notice 90d; hybrid; 10 applications/30d, saved by 45 recruiter(s) | JD match: shipped, product-co, 6.9 YOE, India-based | top skills: Milvus, Elasticsearch, Vector Search; Redrob assessment avg 56%; interview completion 60%; profile 97% complete; 947 connections; 181 profile views/30d"
CAND_0081846,14,0.8469291057319792,"active ~3w ago; open to work; RRR 73%; notice 30d; remote; 16 applications/30d, saved by 62 recruiter(s). Lead AI Engineer (6.7 YOE, Jaipur, Rajasthan); shipped production ranking system(s). top skills: Embeddings, Information Retrieval, Vector Search; Redrob assessment avg 65%; moderate GitHub activity (34/100); interview completion 94%; profile 95% complete; 494 connections; 231 profile views/30d. active, open Lead AI Engineer (6.7 YOE) with shipped systems — strong Redrob fit. Note: remote-only preference (based Jaipur) vs Redrob's hybrid offices (Pune, Noida)."
CAND_0071974,15,0.8443656254667367,"Senior AI Engineer, 7.8 YOE based in Vizag, Andhra Pradesh; shipped production ranking system(s). Senior AI Engineer (Vizag): shipped + product-co + 7.8 YOE — strong JD fit. top skills: Elasticsearch, Qdrant, Weaviate; Redrob assessment avg 80%; GitHub activity 83/100; interview completion 85%; profile 87% complete; 1898 connections; 335 profile views/30d. active 41d ago; open to work; RRR 76%; notice 45d; onsite; 14 applications/30d, saved by 50 recruiter(s)."
CAND_0092706,16,0.8418321502487814,"AI Research Engineer, 5.8 YOE based in Delhi, Delhi; shipped production ranking system(s). AI Research Engineer (Delhi): shipped + product-co + 5.8 YOE — strong JD fit. top skills: Weights & Biases, MLOps, Forecasting; Redrob assessment avg 58%; moderate GitHub activity (65/100); interview completion 76%; profile 99% complete; 120 connections; 108 profile views/30d. active within 7 days; open to work; RRR 78%; notice 120d; onsite; 6 applications/30d, saved by 47 recruiter(s). Concern: 120-day notice period (4 months)."
CAND_0048558,17,0.8391239163411466,"Data Scientist | 6.7 YOE | Noida, Uttar Pradesh | Product-co | shipped production ranking system(s) | active within 7 days; open to work; RRR 80%; notice 30d; flexible; 6 applications/30d, saved by 30 recruiter(s) | JD match: shipped, product-co, 6.7 YOE, India-based, low notice | top skills: Qdrant, OpenSearch, GANs; interview completion 52%; profile 90% complete; 427 connections; 122 profile views/30d"
CAND_0093912,18,0.8389193786575375,"Senior Data Scientist, 5.3 YOE, Chandigarh, Chandigarh; shipped production ranking system(s). active ~2w ago; open to work; RRR 66%; notice 30d; hybrid; saved by 56 recruiter(s). top skills: Vector Search, Elasticsearch, Milvus; Redrob assessment avg 75%; GitHub activity 82/100; interview completion 96%; profile 87% complete; 581 connections; 292 profile views/30d. Senior Data Scientist (5.3 YOE) meets JD's shipping + product-co standard."
CAND_0010257,19,0.8339722360101977,"Senior Data Scientist, 6.5 YOE, Noida, Uttar Pradesh; shipped production ranking system(s). active 14d ago; open to work; RRR 72%; notice 120d; flexible; 16 applications/30d, saved by 35 recruiter(s). top skills: Python, Milvus, Recommendation Systems; Redrob assessment avg 70%; moderate GitHub activity (46/100); interview completion 92%; profile 85% complete; 737 connections; 269 profile views/30d. Senior Data Scientist (6.5 YOE) meets JD's shipping + product-co standard. Note: 120-day notice period (4 months)."
CAND_0099806,20,0.8286367585320312,"AI Engineer | 4.6 YOE | Bhubaneswar, Odisha | Product-co | shipped production ranking system(s) | active ~3w ago; open to work; RRR 76%; notice 30d; hybrid; 1 applications/30d, saved by 9 recruiter(s) | JD match: shipped, product-co, 4.6 YOE, India-based, low notice | top skills: Prompt Engineering, Embeddings, Qdrant; Redrob assessment avg 69%; GitHub activity 87/100; interview completion 85%; profile 90% complete; 223 connections; 129 profile views/30d"
CAND_0052195,21,0.8257600310664209,"Computer Vision Engineer, 6.3 YOE based in Kolkata, West Bengal; shipped production ranking system(s). Computer Vision Engineer (Kolkata): shipped + product-co + 6.3 YOE — strong JD fit. top skills: Sentence Transformers, Information Retrieval, GANs; Redrob assessment avg 63%; GitHub activity 71/100; interview completion 61%; profile 89% complete; 292 connections; 153 profile views/30d. active ~3w ago; open to work; RRR 69%; notice 30d; flexible; 9 applications/30d, saved by 45 recruiter(s)."
CAND_0080534,22,0.8243982000793836,"active within 7 days; open to work; RRR 91%; notice 30d; flexible; 1 applications/30d, saved by 24 recruiter(s). ML Engineer (3.8 YOE, Vizag, Andhra Pradesh); shipped production ranking system(s). top skills: Kubeflow, Image Classification, Elasticsearch; Redrob assessment avg 55%; GitHub activity 81/100; interview completion 89%; profile 95% complete; 853 connections; 53 profile views/30d. active, open ML Engineer (3.8 YOE) with shipped systems — strong Redrob fit."
CAND_0035879,23,0.8203444775734954,"AI Research Engineer, 4.5 YOE based in Noida, Uttar Pradesh; shipped production ranking system(s). AI Research Engineer (4.5 YOE): shipped + product-co; YOE outside JD's 5–9 target. top skills: Speech Recognition, Statistical Modeling, ASR; Redrob assessment avg 79%; GitHub activity 84/100; interview completion 65%; profile 88% complete; 118 connections; 193 profile views/30d. active within 7 days; open to work; RRR 82%; notice 120d; hybrid; 1 applications/30d, saved by 37 recruiter(s). Concern: 120-day notice period (4 months)."
CAND_0016659,24,0.8188873412380667,"ML Engineer, 4.4 YOE, Coimbatore, Tamil Nadu; shipped production ranking system(s). active within 7 days; open to work; RRR 89%; notice 45d; flexible; 17 applications/30d, saved by 37 recruiter(s). top skills: OpenCV, Weaviate, scikit-learn; Redrob assessment avg 67%; interview completion 90%; profile 98% complete; 111 connections; 203 profile views/30d. ML Engineer (4.4 YOE) meets JD's shipping + product-co standard."
CAND_0028422,25,0.8173571472605571,"Junior ML Engineer, 5.5 YOE, Chennai, Tamil Nadu; shipped production ranking system(s). active 12d ago; open to work; RRR 76%; notice 90d; remote; 15 applications/30d, saved by 14 recruiter(s). top skills: YOLO, Learning to Rank, Prompt Engineering; Redrob assessment avg 59%; GitHub activity 72/100; interview completion 97%; profile 73% complete; 783 connections; 162 profile views/30d. Junior ML Engineer (5.5 YOE) meets JD's shipping + product-co standard. Note: remote-only preference (based Chennai) vs Redrob's hybrid offices (Pune, Noida)."
CAND_0067866,26,0.8076050144547838,"Senior Software Engineer (ML), 6.4 YOE based in Noida, Uttar Pradesh; shipped production ranking system(s). Senior Software Engineer (ML) (Noida): shipped + product-co + 6.4 YOE — strong JD fit. top skills: pgvector, Weights & Biases, Embeddings; interview completion 70%; profile 97% complete; 430 connections; 106 profile views/30d. active within 7 days; open to work; RRR 79%; notice 45d; remote; 3 applications/30d, saved by 26 recruiter(s). Concern: remote-only preference (based Noida) vs Redrob's hybrid offices (Pune, Noida)."
CAND_0081053,27,0.8053357695966634,"NLP Engineer | 5.4 YOE | Chandigarh, Chandigarh | Product-co | shipped production ranking system(s) | active 57d ago; open to work; RRR 83%; notice 90d; flexible; 3 applications/30d, saved by 40 recruiter(s) | JD match: shipped, product-co, 5.4 YOE, India-based | top skills: Semantic Search, Machine Learning, Weaviate; Redrob assessment avg 86%; GitHub activity 78/100; interview completion 79%; profile 58% complete; 1169 connections; 250 profile views/30d"
CAND_0024147,28,0.8032884412176617,"active 54d ago; open to work; RRR 84%; notice 60d; onsite; 3 applications/30d, saved by 31 recruiter(s). ML Engineer (5.9 YOE, Jaipur, Rajasthan); shipped production ranking system(s). top skills: Feature Engineering, Learning to Rank, Qdrant; Redrob assessment avg 64%; moderate GitHub activity (70/100); interview completion 53%; profile 90% complete; 145 connections; 182 profile views/30d. ML Engineer (5.9 YOE): shipped + product-co meets JD's core technical bar."
CAND_0020991,29,0.8021672429881974,"Junior ML Engineer | 4.9 YOE | Vizag, Andhra Pradesh | Product-co | shipped production ranking system(s) | active within 7 days; open to work; RRR 88%; notice 120d; flexible; 17 applications/30d, saved by 44 recruiter(s) | JD match: shipped, product-co, 4.9 YOE, India-based | top skills: Statistical Modeling, Python, Weaviate; Redrob assessment avg 64%; moderate GitHub activity (65/100); interview completion 56%; profile 94% complete; 485 connections; 68 profile views/30d | Concern: 120-day notice period (4 months)"
CAND_0069638,30,0.7985789210151093,"Computer Vision Engineer, 6.2 YOE based in Chennai, Tamil Nadu; shipped production ranking system(s). Computer Vision Engineer (Chennai): shipped + product-co + 6.2 YOE — strong JD fit. top skills: ASR, Semantic Search, Fine-tuning LLMs; Redrob assessment avg 60%; interview completion 62%; profile 67% complete; 549 connections; 94 profile views/30d. active ~4w ago; open to work; RRR 64%; notice 30d; onsite; 9 applications/30d, saved by 15 recruiter(s)."
CAND_0032271,31,0.7978369923277903,"AI Research Engineer, 6.6 YOE, Hyderabad, Telangana; shipped production ranking system(s). active within 7 days; open to work; RRR 79%; notice 120d; flexible; 1 applications/30d, saved by 18 recruiter(s). top skills: Data Science, Forecasting, Image Classification; interview completion 62%; profile 57% complete; 358 connections; 113 profile views/30d. AI Research Engineer (6.6 YOE) meets JD's shipping + product-co standard. Note: 120-day notice period (4 months)."
CAND_0007596,32,0.7977320073168213,"Junior ML Engineer | 4.4 YOE | Delhi, Delhi | Product-co | shipped production ranking system(s) | active within 7 days; open to work; RRR 86%; notice 45d; remote; 6 applications/30d, saved by 15 recruiter(s) | JD match: shipped, product-co, 4.4 YOE, India-based | top skills: YOLO, OpenCV, Statistical Modeling; Redrob assessment avg 61%; interview completion 97%; profile 87% complete; 282 connections; 174 profile views/30d | Concern: remote-only preference (based Delhi) vs Redrob's hybrid offices (Pune, Noida)"
CAND_0068012,33,0.7917098510335606,"Junior ML Engineer, 5.7 YOE, Pune, Maharashtra; shipped production ranking system(s). active 13d ago; open to work; RRR 71%; notice 120d; remote; 16 applications/30d, saved by 10 recruiter(s). top skills: Information Retrieval, ASR, YOLO; Redrob assessment avg 64%; interview completion 55%; profile 70% complete; 1025 connections; 23 profile views/30d. Junior ML Engineer (5.7 YOE) meets JD's shipping + product-co standard. Note: 120-day notice period (4 months)."
CAND_0014440,34,0.791273701147965,"active ~2w ago; open to work; RRR 64%; notice 60d; flexible; 4 applications/30d, saved by 33 recruiter(s). Recommendation Systems Engineer (6.4 YOE, Chennai, Tamil Nadu); shipped production ranking system(s). top skills: Milvus, Qdrant, Machine Learning; Redrob assessment avg 55%; GitHub activity 90/100; interview completion 84%; profile 68% complete; 559 connections; 93 profile views/30d. active, open Recommendation Systems Engineer (6.4 YOE) with shipped systems — strong Redrob fit."
CAND_0014909,35,0.7736655864368497,"Computer Vision Engineer | 4.8 YOE | Pune, Maharashtra | Product-co | shipped production ranking system(s) | active within 7 days; open to work; RRR 76%; notice 120d; onsite; 6 applications/30d, saved by 29 recruiter(s) | JD match: shipped, product-co, 4.8 YOE, India-based | top skills: pgvector, Time Series, Kubeflow; Redrob assessment avg 67%; moderate GitHub activity (68/100); interview completion 99%; profile 62% complete; 797 connections; 60 profile views/30d | Concern: 120-day notice period (4 months)"
CAND_0066999,36,0.7701599309288637,"active 52d ago; open to work; RRR 63%; notice 15d; remote; 17 applications/30d, saved by 29 recruiter(s). Recommendation Systems Engineer (5.9 YOE, Delhi, Delhi); shipped production ranking system(s). top skills: LLMs, Machine Learning, CNN; Redrob assessment avg 70%; GitHub activity 94/100; interview completion 61%; profile 73% complete; 330 connections; 167 profile views/30d. Recommendation Systems Engineer (5.9 YOE): shipped + product-co meets JD's core technical bar. Note: remote-only preference (based Delhi) vs Redrob's hybrid offices (Pune, Noida)."
CAND_0015967,37,0.769522007745085,"Senior Software Engineer (ML) | 5.4 YOE | Hyderabad, Telangana | Product-co | shipped production ranking system(s) | active 14d ago; open to work; RRR 45%; notice 30d; onsite; 4 applications/30d, saved by 3 recruiter(s) | JD match: shipped, product-co, 5.4 YOE, India-based, low notice | top skills: Deep Learning, Object Detection, ASR; Redrob assessment avg 67%; interview completion 79%; profile 65% complete; 584 connections; 96 profile views/30d"
CAND_0020708,38,0.7669223725012734,"active 63d ago; open to work; RRR 84%; notice 30d; remote; 9 applications/30d, saved by 52 recruiter(s). Search Engineer (4.2 YOE, Indore, Madhya Pradesh); shipped production retrieval system(s). top skills: Fine-tuning LLMs, Learning to Rank, LLMs; Redrob assessment avg 64%; GitHub activity 84/100; interview completion 88%; profile 89% complete; 238 connections; 52 profile views/30d. Search Engineer (4.2 YOE): shipped + product-co meets JD's core technical bar. Note: remote-only preference (based Indore) vs Redrob's hybrid offices (Pune, Noida)."
CAND_0080344,39,0.7642866920857068,"Senior Software Engineer (ML), 4.9 YOE, Hyderabad, Telangana; shipped production ranking system(s). active 8d ago; open to work; RRR 70%; notice 90d; flexible; 14 applications/30d, saved by 5 recruiter(s). top skills: Weights & Biases, PyTorch, Sentence Transformers; Redrob assessment avg 64%; interview completion 74%; profile 94% complete; 69 connections; 146 profile views/30d. Senior Software Engineer (ML) (4.9 YOE) meets JD's shipping + product-co standard."
CAND_0016163,40,0.7622619799903171,"Applied ML Engineer | 6.7 YOE | Gurgaon, Haryana | Product-co | shipped production retrieval system(s) | active 46d ago; open to work; RRR 72%; notice 120d; remote; 10 applications/30d, saved by 13 recruiter(s) | JD match: shipped, product-co, 6.7 YOE, India-based | top skills: TensorFlow, Machine Learning, pgvector; Redrob assessment avg 79%; GitHub activity 95/100; interview completion 62%; profile 89% complete; 1110 connections; 96 profile views/30d | Concern: 120-day notice period (4 months)"
CAND_0000422,41,0.7573806867887845,"active 64d ago; open to work; RRR 79%; notice 90d; onsite; 13 applications/30d, saved by 18 recruiter(s). AI Research Engineer (6.3 YOE, Kolkata, West Bengal); shipped production ranking system(s). top skills: YOLO, Milvus, MLflow; Redrob assessment avg 77%; interview completion 78%; profile 83% complete; 230 connections; 199 profile views/30d. AI Research Engineer (6.3 YOE): shipped + product-co meets JD's core technical bar."
CAND_0096209,42,0.7553573928766575,"ML Engineer, 4.2 YOE, Trivandrum, Kerala; shipped production ranking system(s). active within 7 days; open to work; RRR 90%; notice 90d; flexible; 5 applications/30d, saved by 21 recruiter(s). top skills: Speech Recognition, Reinforcement Learning, Semantic Search; interview completion 80%; profile 92% complete; 616 connections; 204 profile views/30d. ML Engineer (4.2 YOE) meets JD's shipping + product-co standard."
CAND_0080472,43,0.7511830498552847,"Junior ML Engineer | 4.4 YOE | Hyderabad, Telangana | Product-co | shipped production ranking system(s) | active within 7 days; open to work; RRR 91%; notice 120d; remote; 10 applications/30d, saved by 15 recruiter(s) | JD match: shipped, product-co, 4.4 YOE, India-based | top skills: Sentence Transformers, MLOps, Reinforcement Learning; interview completion 59%; profile 98% complete; 82 connections; 142 profile views/30d | Concern: 120-day notice period (4 months)"
CAND_0043381,44,0.7496793156837963,"active ~3w ago; open to work; RRR 78%; notice 45d; hybrid; 9 applications/30d, saved by 38 recruiter(s). AI Research Engineer (3.6 YOE, Pune, Maharashtra); shipped production ranking system(s). top skills: OpenSearch, Forecasting, scikit-learn; Redrob assessment avg 64%; GitHub activity 71/100; interview completion 84%; profile 45% complete; 473 connections; 188 profile views/30d. active, open AI Research Engineer (3.6 YOE) with shipped systems — strong Redrob fit."
CAND_0076995,45,0.7487449059838667,"AI Research Engineer | 4.4 YOE | Coimbatore, Tamil Nadu | Product-co | shipped production ranking system(s) | active ~3w ago; open to work; RRR 73%; notice 90d; flexible; 3 applications/30d, saved by 19 recruiter(s) | JD match: shipped, product-co, 4.4 YOE, India-based | top skills: scikit-learn, Semantic Search, Reinforcement Learning; Redrob assessment avg 82%; interview completion 74%; profile 68% complete; 429 connections; 191 profile views/30d"
CAND_0023587,46,0.746758247657429,"active within 7 days; open to work; RRR 90%; notice 120d; onsite; saved by 22 recruiter(s). ML Engineer (3.2 YOE, Bhubaneswar, Odisha); shipped production ranking system(s). top skills: Data Science, Statistical Modeling, Computer Vision; Redrob assessment avg 50%; interview completion 70%; profile 98% complete; 1272 connections; 26 profile views/30d. active, open ML Engineer (3.2 YOE) with shipped systems — strong Redrob fit. Note: 120-day notice period (4 months)."
CAND_0095528,47,0.741967854971322,"Senior Data Scientist, 5.3 YOE based in Indore, Madhya Pradesh; shipped production ranking system(s). Senior Data Scientist (Indore): shipped + product-co + 5.3 YOE — strong JD fit. top skills: Elasticsearch, Semantic Search, pgvector; Redrob assessment avg 69%; interview completion 83%; profile 77% complete; 1333 connections; 275 profile views/30d. active ~3w ago; open to work; RRR 55%; notice 45d; onsite; 16 applications/30d, saved by 25 recruiter(s)."
CAND_0014683,48,0.7373625134376715,"Senior Software Engineer (ML), 5.6 YOE based in Jaipur, Rajasthan; shipped production ranking system(s). Senior Software Engineer (ML) (Jaipur): shipped + product-co + 5.6 YOE — strong JD fit. top skills: FAISS, BentoML, Image Classification; Redrob assessment avg 61%; interview completion 59%; profile 89% complete; 1055 connections; 211 profile views/30d. active 43d ago; open to work; RRR 70%; notice 120d; remote; 1 applications/30d, saved by 4 recruiter(s). Concern: 120-day notice period (4 months)."
CAND_0099751,49,0.7372941420106032,"Junior ML Engineer, 5.5 YOE based in Chennai, Tamil Nadu; shipped production ranking system(s). Junior ML Engineer (Chennai): shipped + product-co + 5.5 YOE — strong JD fit. top skills: Time Series, Weaviate, MLOps; Redrob assessment avg 76%; moderate GitHub activity (32/100); interview completion 75%; profile 70% complete; 458 connections; 61 profile views/30d. active 35d ago; open to work; RRR 64%; notice 120d; flexible; 12 applications/30d, saved by 10 recruiter(s). Concern: 120-day notice period (4 months)."
CAND_0093883,50,0.734588487432115,"Note: remote-only preference (based Bhubaneswar) vs Redrob's hybrid offices (Pune, Noida). AI Research Engineer (5.0 YOE, Bhubaneswar, Odisha); shipped production ranking system(s). top skills: Time Series, MLOps, Diffusion Models; Redrob assessment avg 72%; interview completion 59%; profile 59% complete; 496 connections; 30 profile views/30d. AI Research Engineer (5.0 YOE) meets JD's shipping + product-co standard."
CAND_0070398,51,0.7334148241353478,"Machine Learning Engineer, 7.2 YOE based in Kochi, Kerala; shipped production retrieval system(s). Machine Learning Engineer (Kochi): shipped + product-co + 7.2 YOE — strong JD fit. top skills: Embeddings, FAISS, Fine-tuning LLMs; Redrob assessment avg 66%; moderate GitHub activity (63/100); interview completion 64%; profile 50% complete; 799 connections; 105 profile views/30d. active 43d ago; open to work; RRR 60%; notice 120d; hybrid; 21 applications/30d, saved by 13 recruiter(s). Concern: 120-day notice period (4 months)."
CAND_0083879,52,0.731929380010189,"Machine Learning Engineer, 7.1 YOE, Noida, Uttar Pradesh; shipped production ranking system(s). active 40d ago; open to work; RRR 47%; notice 30d; hybrid; 14 applications/30d, saved by 64 recruiter(s). top skills: Fine-tuning LLMs, Sentence Transformers, Prompt Engineering; Redrob assessment avg 63%; interview completion 83%; profile 59% complete; 1486 connections; 274 profile views/30d. Machine Learning Engineer (7.1 YOE) meets JD's shipping + product-co standard."
CAND_0033987,53,0.7267960223038027,"ML Engineer | 6.8 YOE | Delhi, Delhi | Product-co | shipped production ranking system(s) | active 64d ago; open to work; RRR 71%; notice 90d; hybrid; 15 applications/30d, saved by 24 recruiter(s) | JD match: shipped, product-co, 6.8 YOE, India-based | top skills: Fine-tuning LLMs, Deep Learning, Statistical Modeling; Redrob assessment avg 63%; interview completion 59%; profile 62% complete; 1253 connections; 157 profile views/30d"
CAND_0054394,54,0.7253947141869467,"Recommendation Systems Engineer, 4.1 YOE, Pune, Maharashtra; shipped production retrieval system(s). active ~3w ago; open to work; RRR 64%; notice 30d; flexible; 14 applications/30d, saved by 46 recruiter(s). top skills: Fine-tuning LLMs, scikit-learn, Embeddings; moderate GitHub activity (32/100); interview completion 99%; profile 60% complete; 83 connections; 9 profile views/30d. Recommendation Systems Engineer (4.1 YOE) meets JD's shipping + product-co standard."
CAND_0064904,55,0.7239958515811878,"AI Engineer, 4.9 YOE, Hyderabad, Telangana; shipped production ranking system(s). active 71d ago; open to work; RRR 78%; notice 90d; flexible; 20 applications/30d, saved by 39 recruiter(s). top skills: TensorFlow, Prompt Engineering, Embeddings; Redrob assessment avg 70%; moderate GitHub activity (59/100); interview completion 85%; profile 69% complete; 1102 connections; 92 profile views/30d. AI Engineer (4.9 YOE) meets JD's shipping + product-co standard."
CAND_0054829,56,0.722603572445992,"Computer Vision Engineer, 5.7 YOE based in Noida, Uttar Pradesh; shipped production ranking system(s). Computer Vision Engineer (Noida): shipped + product-co + 5.7 YOE — strong JD fit. top skills: Forecasting, Terraform, ASR; Redrob assessment avg 82%; interview completion 68%; profile 71% complete; 417 connections; 156 profile views/30d. active 83d ago; open to work; RRR 75%; notice 45d; remote; 1 applications/30d, saved by 38 recruiter(s). Concern: remote-only preference (based Noida) vs Redrob's hybrid offices (Pune, Noida)."
CAND_0076251,57,0.720169546907298,"Search Engineer, 7.6 YOE based in Bhubaneswar, Odisha; shipped production retrieval system(s). Search Engineer (Bhubaneswar): shipped + product-co + 7.6 YOE — strong JD fit. top skills: Learning to Rank, Forecasting, LLMs; Redrob assessment avg 68%; interview completion 61%; profile 85% complete; 140 connections; 18 profile views/30d. active 42d ago; open to work; RRR 51%; notice 60d; onsite; 7 applications/30d, saved by 47 recruiter(s)."
CAND_0091890,58,0.7173486559900594,"AI Research Engineer | 4.7 YOE | Hyderabad, Telangana | Product-co | shipped production ranking system(s) | active 13d ago; open to work; RRR 49%; notice 60d; flexible; 9 applications/30d, saved by 43 recruiter(s) | JD match: shipped, product-co, 4.7 YOE, India-based | top skills: scikit-learn, Diffusion Models, OpenSearch; Redrob assessment avg 71%; GitHub activity 83/100; interview completion 61%; profile 52% complete; 993 connections; 158 profile views/30d"
CAND_0060340,59,0.7135667653929957,"active within 7 days; open to work; RRR 54%; notice 45d; onsite; 3 applications/30d, saved by 23 recruiter(s). Computer Vision Engineer (6.1 YOE, Coimbatore, Tamil Nadu); shipped production ranking system(s). top skills: pgvector, Reinforcement Learning, NLP; moderate GitHub activity (34/100); interview completion 69%; profile 49% complete; 1182 connections; 74 profile views/30d. active, open Computer Vision Engineer (6.1 YOE) with shipped systems — strong Redrob fit."
CAND_0059795,60,0.7127930024102125,"active 93d ago; open to work; RRR 75%; notice 45d; onsite; 5 applications/30d, saved by 38 recruiter(s). Senior Software Engineer (ML) (5.6 YOE, Mumbai, Maharashtra); shipped production ranking system(s). top skills: Data Science, Forecasting, Machine Learning; Redrob assessment avg 68%; moderate GitHub activity (57/100); interview completion 89%; profile 53% complete; 658 connections; 37 profile views/30d. Senior Software Engineer (ML) (5.6 YOE): shipped + product-co meets JD's core technical bar."
CAND_0008517,61,0.7125865344944092,"Note: 120-day notice period (4 months). AI Research Engineer (5.6 YOE, Noida, Uttar Pradesh); shipped production ranking system(s). top skills: Feature Engineering, OpenCV, Qdrant; interview completion 74%; profile 63% complete; 1054 connections; 152 profile views/30d. AI Research Engineer (5.6 YOE) meets JD's shipping + product-co standard."
CAND_0070589,62,0.7091717480570289,"ML Engineer | 3.5 YOE | Bangalore, Karnataka | Product-co | shipped production ranking system(s) | active ~3w ago; open to work; RRR 74%; notice 60d; flexible; 12 applications/30d, saved by 28 recruiter(s) | JD match: shipped, product-co, 3.5 YOE, India-based | top skills: NLP, Speech Recognition, Image Classification; Redrob assessment avg 62%; interview completion 91%; profile 64% complete; 1219 connections; 112 profile views/30d"
CAND_0061352,63,0.7087157490606324,"active within 7 days; open to work; RRR 66%; notice 90d; onsite; 7 applications/30d, saved by 36 recruiter(s). ML Engineer (3.5 YOE, Kochi, Kerala); shipped production ranking system(s). top skills: OpenCV, Weaviate, MLflow; Redrob assessment avg 74%; moderate GitHub activity (64/100); interview completion 51%; profile 47% complete; 681 connections; 75 profile views/30d. active, open ML Engineer (3.5 YOE) with shipped systems — strong Redrob fit."
CAND_0000273,64,0.7057561158938497,"ML Engineer, 5.8 YOE, Kolkata, West Bengal; shipped production ranking system(s). active ~2w ago; open to work; RRR 47%; notice 60d; hybrid; 2 applications/30d, saved by 31 recruiter(s). top skills: Forecasting, Time Series, TTS; Redrob assessment avg 64%; interview completion 78%; profile 85% complete; 1010 connections; 58 profile views/30d. ML Engineer (5.8 YOE) meets JD's shipping + product-co standard."
CAND_0034177,65,0.7047186397161751,"Senior Software Engineer (ML), 3.6 YOE based in Ahmedabad, Gujarat; shipped production ranking system(s). Senior Software Engineer (ML) (3.6 YOE): shipped + product-co; YOE outside JD's 5–9 target. top skills: Haystack, NLP, Diffusion Models; moderate GitHub activity (58/100); interview completion 92%; profile 56% complete; 361 connections; 198 profile views/30d. active ~3w ago; open to work; RRR 82%; notice 60d; flexible; 17 applications/30d, saved by 38 recruiter(s)."
CAND_0043304,66,0.7026827877784565,"Junior ML Engineer, 6.5 YOE based in Trivandrum, Kerala; shipped production ranking system(s). Junior ML Engineer (Trivandrum): shipped + product-co + 6.5 YOE — strong JD fit. top skills: Sentence Transformers, BM25, Reinforcement Learning; Redrob assessment avg 71%; moderate GitHub activity (68/100); interview completion 66%; profile 91% complete; 404 connections; 18 profile views/30d. active 95d ago; open to work; RRR 75%; notice 90d; hybrid; 8 applications/30d, saved by 20 recruiter(s)."
CAND_0064130,67,0.7012763223070423,"AI Research Engineer, 6.7 YOE based in Chennai, Tamil Nadu; shipped production ranking system(s). AI Research Engineer (Chennai): shipped + product-co + 6.7 YOE — strong JD fit. top skills: Data Science, YOLO, Reinforcement Learning; Redrob assessment avg 65%; interview completion 79%; profile 47% complete; 132 connections; 94 profile views/30d. active 80d ago; open to work; RRR 67%; notice 45d; onsite; 6 applications/30d, saved by 41 recruiter(s)."
CAND_0098952,68,0.6965629020787698,"active 83d ago; open to work; RRR 66%; notice 45d; remote; 12 applications/30d, saved by 8 recruiter(s). AI Research Engineer (5.5 YOE, Gurgaon, Haryana); shipped production ranking system(s). top skills: Reinforcement Learning, Diffusion Models, Recommendation Systems; Redrob assessment avg 64%; moderate GitHub activity (47/100); interview completion 90%; profile 63% complete; 1072 connections; 187 profile views/30d. AI Research Engineer (5.5 YOE): shipped + product-co meets JD's core technical bar. Note: remote-only preference (based Gurgaon) vs Redrob's hybrid offices (Pune, Noida)."
CAND_0073620,69,0.692026197462832,"AI Research Engineer, 4.4 YOE, Noida, Uttar Pradesh; shipped production ranking system(s). active ~4w ago; open to work; RRR 63%; notice 90d; onsite; 14 applications/30d, saved by 11 recruiter(s). top skills: TTS, ASR, MLflow; Redrob assessment avg 57%; interview completion 69%; profile 83% complete; 764 connections; 43 profile views/30d. AI Research Engineer (4.4 YOE) meets JD's shipping + product-co standard."
CAND_0057701,70,0.6900061044780417,"active ~2w ago; open to work; RRR 56%; notice 120d; remote; 18 applications/30d, saved by 9 recruiter(s). Recommendation Systems Engineer (4.1 YOE, Chandigarh, Chandigarh); shipped production ranking system(s). top skills: Learning to Rank, Prompt Engineering, Python; Redrob assessment avg 75%; moderate GitHub activity (65/100); interview completion 61%; profile 61% complete; 449 connections; 135 profile views/30d. active, open Recommendation Systems Engineer (4.1 YOE) with shipped systems — strong Redrob fit. Note: 120-day notice period (4 months)."
CAND_0026362,71,0.6861093673057365,"Data Scientist | 5.0 YOE | Gurgaon, Haryana | Product-co | shipped production ranking system(s) | active 10d ago; open to work; RRR 40%; notice 45d; remote; 7 applications/30d, saved by 29 recruiter(s) | JD match: shipped, product-co, 5.0 YOE, India-based | top skills: Learning to Rank, BM25, Data Science; Redrob assessment avg 50%; interview completion 81%; profile 74% complete; 860 connections; 160 profile views/30d | Concern: remote-only preference (based Gurgaon) vs Redrob's hybrid offices (Pune, Noida)"
CAND_0001930,72,0.6767515257408347,"Note: 120-day notice period (4 months). Senior Software Engineer (ML) (6.9 YOE, Kolkata, West Bengal); shipped production ranking system(s). top skills: Milvus, CNN, Machine Learning; Redrob assessment avg 62%; GitHub activity 76/100; interview completion 95%; profile 68% complete; 436 connections; 90 profile views/30d. Senior Software Engineer (ML) (6.9 YOE) meets JD's shipping + product-co standard."
CAND_0061244,73,0.6741538007261448,"Computer Vision Engineer, 6.2 YOE, Vizag, Andhra Pradesh; shipped production ranking system(s). active within 7 days; open to work; RRR 28%; notice 90d; hybrid; 11 applications/30d, saved by 19 recruiter(s). top skills: Data Science, Diffusion Models, Forecasting; Redrob assessment avg 80%; GitHub activity 81/100; interview completion 70%; profile 76% complete; 527 connections; 136 profile views/30d. Computer Vision Engineer (6.2 YOE) meets JD's shipping + product-co standard."
CAND_0010541,74,0.6734883271839928,"active 80d ago; open to work; RRR 59%; notice 60d; flexible; 18 applications/30d, saved by 39 recruiter(s). AI Research Engineer (6.2 YOE, Hyderabad, Telangana); shipped production ranking system(s). top skills: NLP, MLOps, Python; Redrob assessment avg 56%; interview completion 87%; profile 75% complete; 677 connections; 155 profile views/30d. AI Research Engineer (6.2 YOE): shipped + product-co meets JD's core technical bar."
CAND_0023559,75,0.6722049588026273,"Data Scientist | 4.7 YOE | Kolkata, West Bengal | Product-co | shipped production ranking system(s) | active 59d ago; open to work; RRR 83%; notice 90d; onsite; 9 applications/30d, saved by 9 recruiter(s) | JD match: shipped, product-co, 4.7 YOE, India-based | top skills: TTS, Object Detection, Prompt Engineering; interview completion 62%; profile 50% complete; 810 connections; 148 profile views/30d"
CAND_0066035,76,0.6716135969226612,"Data Scientist | 6.7 YOE | Kolkata, West Bengal | Product-co | shipped production ranking system(s) | active within 7 days; open to work; RRR 34%; notice 45d; remote; 13 applications/30d, saved by 9 recruiter(s) | JD match: shipped, product-co, 6.7 YOE, India-based | top skills: Diffusion Models, Speech Recognition, BM25; Redrob assessment avg 50%; interview completion 86%; profile 71% complete; 925 connections; 219 profile views/30d | Concern: remote-only preference (based Kolkata) vs Redrob's hybrid offices (Pune, Noida)"
CAND_0015478,77,0.6665426961826455,"ML Engineer | 3.6 YOE | Kolkata, West Bengal | Product-co | shipped production ranking system(s) | active 42d ago; open to work; RRR 66%; notice 60d; flexible; 2 applications/30d, saved by 14 recruiter(s) | JD match: shipped, product-co, 3.6 YOE, India-based | top skills: Learning to Rank, OpenCV, Deep Learning; Redrob assessment avg 76%; interview completion 51%; profile 83% complete; 775 connections; 199 profile views/30d"
CAND_0099269,78,0.664675845585867,"Note: 120-day notice period (4 months). Data Scientist (5.5 YOE, Noida, Uttar Pradesh); shipped production ranking system(s). top skills: LLMs, GANs, NLP; Redrob assessment avg 71%; interview completion 52%; profile 45% complete; 430 connections; 13 profile views/30d. Data Scientist (5.5 YOE) meets JD's shipping + product-co standard."
CAND_0070333,79,0.6586639803853704,"AI Research Engineer | 4.7 YOE | Bhubaneswar, Odisha | Product-co | shipped production ranking system(s) | active ~2w ago; open to work; RRR 48%; notice 60d; flexible; 6 applications/30d, saved by 16 recruiter(s) | JD match: shipped, product-co, 4.7 YOE, India-based | top skills: LLMs, Milvus, Semantic Search; Redrob assessment avg 55%; interview completion 95%; profile 54% complete; 135 connections; 28 profile views/30d"
CAND_0068892,80,0.657881997101406,"Senior Software Engineer (ML), 4.7 YOE, Delhi, Delhi; shipped production ranking system(s). active 49d ago; open to work; RRR 51%; notice 90d; flexible; 10 applications/30d, saved by 23 recruiter(s). top skills: BM25, Deep Learning, YOLO; Redrob assessment avg 84%; GitHub activity 75/100; interview completion 53%; profile 60% complete; 1253 connections; 102 profile views/30d. Senior Software Engineer (ML) (4.7 YOE) meets JD's shipping + product-co standard."
CAND_0081321,81,0.653919942742816,"active 32d ago; open to work; RRR 47%; notice 120d; remote; 10 applications/30d, saved by 40 recruiter(s). Senior Software Engineer (ML) (5.3 YOE, Coimbatore, Tamil Nadu); shipped production ranking system(s). top skills: MLflow, Object Detection, Speech Recognition; Redrob assessment avg 54%; interview completion 99%; profile 91% complete; 245 connections; 181 profile views/30d. Senior Software Engineer (ML) (5.3 YOE): shipped + product-co meets JD's core technical bar. Note: 120-day notice period (4 months)."
CAND_0061175,82,0.6529218726789101,"Note: 120-day notice period (4 months). AI Research Engineer (6.7 YOE, Gurgaon, Haryana); shipped production ranking system(s). top skills: Qdrant, Milvus, Python; Redrob assessment avg 62%; moderate GitHub activity (50/100); interview completion 66%; profile 54% complete; 902 connections; 178 profile views/30d. AI Research Engineer (6.7 YOE) meets JD's shipping + product-co standard."
CAND_0012888,83,0.6494710511472045,"Junior ML Engineer | 6.4 YOE | Delhi, Delhi | Product-co | shipped production ranking system(s) | active 84d ago; open to work; RRR 43%; notice 30d; hybrid; 8 applications/30d, saved by 26 recruiter(s) | JD match: shipped, product-co, 6.4 YOE, India-based, low notice | top skills: Kubeflow, scikit-learn, TTS; Redrob assessment avg 74%; moderate GitHub activity (47/100); interview completion 61%; profile 89% complete; 240 connections; 90 profile views/30d"
CAND_0080051,84,0.6442610539284975,"Data Scientist | 5.2 YOE | Gurgaon, Haryana | Product-co | shipped production ranking system(s) | active 90d ago; open to work; RRR 54%; notice 30d; remote; 1 applications/30d, saved by 34 recruiter(s) | JD match: shipped, product-co, 5.2 YOE, India-based, low notice | top skills: OpenCV, NLP, Information Retrieval; Redrob assessment avg 68%; moderate GitHub activity (34/100); interview completion 74%; profile 82% complete; 839 connections; 15 profile views/30d | Concern: remote-only preference (based Gurgaon) vs Redrob's hybrid offices (Pune, Noida)"
CAND_0084391,85,0.6442462969020579,"AI Research Engineer | 3.5 YOE | Chennai, Tamil Nadu | Product-co | shipped production ranking system(s) | active ~3w ago; open to work; RRR 49%; notice 60d; onsite; 17 applications/30d, saved by 41 recruiter(s) | JD match: shipped, product-co, 3.5 YOE, India-based | top skills: Computer Vision, ASR, Feature Engineering; Redrob assessment avg 70%; interview completion 73%; profile 67% complete; 142 connections; 44 profile views/30d"
CAND_0080372,86,0.6436286760213814,"active 95d ago; open to work; RRR 63%; notice 90d; onsite; 7 applications/30d, saved by 17 recruiter(s). Computer Vision Engineer (5.2 YOE, Mumbai, Maharashtra); shipped production ranking system(s). top skills: Deep Learning, scikit-learn, Feature Engineering; Redrob assessment avg 64%; interview completion 69%; profile 83% complete; 60 connections; 56 profile views/30d. Computer Vision Engineer (5.2 YOE): shipped + product-co meets JD's core technical bar."
CAND_0035315,87,0.6428858113732524,"Data Scientist, 4.9 YOE based in New York; shipped production ranking system(s). Data Scientist (4.9 YOE): shipped + product-co; YOE outside JD's 5–9 target. top skills: Image Classification, PyTorch, NLP; Redrob assessment avg 65%; interview completion 97%; profile 68% complete; 942 connections; 126 profile views/30d. active 54d ago; open to work; RRR 62%; notice 120d; hybrid; 4 applications/30d, saved by 35 recruiter(s). Concern: 120-day notice period (4 months)."
CAND_0032089,88,0.640638355023369,"active 75d ago; open to work; RRR 54%; notice 45d; remote; 10 applications/30d, saved by 38 recruiter(s). ML Engineer (6.6 YOE, Trivandrum, Kerala); shipped production ranking system(s). top skills: Object Detection, Python, MLflow; Redrob assessment avg 70%; interview completion 71%; profile 80% complete; 580 connections; 12 profile views/30d. ML Engineer (6.6 YOE): shipped + product-co meets JD's core technical bar. Note: remote-only preference (based Trivandrum) vs Redrob's hybrid offices (Pune, Noida)."
CAND_0074123,89,0.6379241789329861,"Data Scientist | 6.9 YOE | Bhubaneswar, Odisha | Product-co | shipped production ranking system(s) | active 67d ago; open to work; RRR 38%; notice 30d; onsite; 4 applications/30d, saved by 4 recruiter(s) | JD match: shipped, product-co, 6.9 YOE, India-based, low notice | top skills: TTS, Deep Learning, NLP; Redrob assessment avg 78%; interview completion 86%; profile 72% complete; 712 connections; 82 profile views/30d"
CAND_0087494,90,0.6376650125305304,"ML Engineer, 3.4 YOE, Jaipur, Rajasthan; shipped production ranking system(s). active 9d ago; open to work; RRR 41%; notice 60d; onsite; 5 applications/30d, saved by 41 recruiter(s). top skills: Fine-tuning LLMs, TTS, Sentence Transformers; Redrob assessment avg 67%; GitHub activity 81/100; interview completion 83%; profile 45% complete; 958 connections; 171 profile views/30d. ML Engineer (3.4 YOE) meets JD's shipping + product-co standard."
CAND_0060472,91,0.6349454266924136,"Computer Vision Engineer, 4.4 YOE, Chennai, Tamil Nadu; shipped production ranking system(s). active 92d ago; open to work; RRR 65%; notice 30d; flexible; 13 applications/30d, saved by 29 recruiter(s). top skills: Deep Learning, Weaviate, OpenSearch; Redrob assessment avg 62%; interview completion 86%; profile 46% complete; 200 connections; 115 profile views/30d. Computer Vision Engineer (4.4 YOE) meets JD's shipping + product-co standard."
CAND_0091580,92,0.6318949396809038,"active 13d ago; open to work; RRR 25%; notice 60d; flexible; 8 applications/30d, saved by 17 recruiter(s). Data Scientist (5.5 YOE, Noida, Uttar Pradesh); shipped production ranking system(s). top skills: FAISS, Data Science, NLP; GitHub activity 83/100; interview completion 74%; profile 76% complete; 306 connections; 194 profile views/30d. active, open Data Scientist (5.5 YOE) with shipped systems — strong Redrob fit."
CAND_0032955,93,0.6310113488060016,"Computer Vision Engineer | 5.2 YOE | Kochi, Kerala | Product-co | shipped production ranking system(s) | active ~2w ago; open to work; RRR 26%; notice 60d; onsite; 5 applications/30d, saved by 28 recruiter(s) | JD match: shipped, product-co, 5.2 YOE, India-based | top skills: Time Series, Vector Search, Weaviate; Redrob assessment avg 54%; moderate GitHub activity (54/100); interview completion 78%; profile 46% complete; 946 connections; 42 profile views/30d"
CAND_0044091,94,0.6300701549865144,"active ~3w ago; open to work; RRR 40%; notice 120d; remote; 13 applications/30d, saved by 41 recruiter(s). ML Engineer (6.5 YOE, Indore, Madhya Pradesh); shipped production ranking system(s). top skills: OpenCV, TTS, Speech Recognition; interview completion 89%; profile 59% complete; 697 connections; 9 profile views/30d. active, open ML Engineer (6.5 YOE) with shipped systems — strong Redrob fit. Note: 120-day notice period (4 months)."
CAND_0055139,95,0.6280793281538138,"active ~3w ago; open to work; RRR 25%; notice 120d; onsite; 5 applications/30d, saved by 37 recruiter(s). ML Engineer (6.9 YOE, Chennai, Tamil Nadu); shipped production ranking system(s). top skills: Statistical Modeling, Deep Learning, pgvector; Redrob assessment avg 65%; moderate GitHub activity (57/100); interview completion 65%; profile 46% complete; 428 connections; 42 profile views/30d. active, open ML Engineer (6.9 YOE) with shipped systems — strong Redrob fit. Note: 120-day notice period (4 months)."
CAND_0026640,96,0.6269909012567151,"Computer Vision Engineer | 6.1 YOE | Ahmedabad, Gujarat | Product-co | shipped production ranking system(s) | active 8d ago; open to work; RRR 30%; notice 90d; onsite; 16 applications/30d, saved by 36 recruiter(s) | JD match: shipped, product-co, 6.1 YOE, India-based | top skills: Semantic Search, Data Science, LLMs; interview completion 90%; profile 92% complete; 886 connections; 167 profile views/30d"
CAND_0069386,97,0.6254848330152245,"ML Engineer, 3.5 YOE, Mumbai, Maharashtra; shipped production ranking system(s). active 70d ago; open to work; RRR 66%; notice 90d; onsite; 1 applications/30d, saved by 7 recruiter(s). top skills: Speech Recognition, GANs, MLOps; Redrob assessment avg 68%; interview completion 89%; profile 91% complete; 116 connections; 212 profile views/30d. ML Engineer (3.5 YOE) meets JD's shipping + product-co standard."
CAND_0026532,98,0.6251838291551879,"Recommendation Systems Engineer | 4.8 YOE | Chennai, Tamil Nadu | Product-co | shipped production retrieval system(s) | active 60d ago; open to work; RRR 52%; notice 90d; hybrid; 1 applications/30d, saved by 42 recruiter(s) | JD match: shipped, product-co, 4.8 YOE, India-based | top skills: Semantic Search, pgvector, Milvus; Redrob assessment avg 77%; moderate GitHub activity (32/100); interview completion 72%; profile 65% complete; 840 connections; 236 profile views/30d"
CAND_0014858,99,0.6223186157955964,"AI Research Engineer, 4.9 YOE based in Chennai, Tamil Nadu; shipped production ranking system(s). AI Research Engineer (4.9 YOE): shipped + product-co; YOE outside JD's 5–9 target. top skills: Sentence Transformers, Time Series, MLOps; Redrob assessment avg 62%; moderate GitHub activity (64/100); interview completion 55%; profile 75% complete; 488 connections; 123 profile views/30d. active 11d ago; open to work; RRR 30%; notice 90d; remote; 4 applications/30d, saved by 25 recruiter(s). Concern: remote-only preference (based Chennai) vs Redrob's hybrid offices (Pune, Noida)."
CAND_0018925,100,0.6219181038420453,"AI Research Engineer, 5.8 YOE based in Chandigarh, Chandigarh; shipped production ranking system(s). AI Research Engineer (Chandigarh): shipped + product-co + 5.8 YOE — strong JD fit. top skills: Elasticsearch, Deep Learning, Haystack; GitHub activity 76/100; interview completion 78%; profile 92% complete; 501 connections; 50 profile views/30d. active 59d ago; open to work; RRR 45%; notice 90d; remote; saved by 12 recruiter(s). Concern: remote-only preference (based Chandigarh) vs Redrob's hybrid offices (Pune, Noida)."
